Domain,Resolved IP(s),Screenshot
www.26e3076dbeeb64065c72f8.bjpmcmztmoteleport.dock.chocolatecoded.com.au,54.206.68.30,screenshots/www_26e3076dbeeb64065c72f8_bjpmcmztmoteleport_dock_chocolatecoded_com_au.png
www.telegram.gold,"76.223.54.146, 13.248.169.48",screenshots/www_telegram_gold.png
sumberrezeki.alhajjnet-tgr.my.id,103.67.79.123,screenshots/sumberrezeki_alhajjnet-tgr_my_id.png
www.sumberrezeki.alhajjnet-tgr.my.id,103.67.79.123,screenshots/www_sumberrezeki_alhajjnet-tgr_my_id.png
www.telegram.gold,"13.248.169.48, 76.223.54.146",screenshots/www_telegram_gold.png
notexistswebapp.endorphin-tgn.ru,185.215.4.10,screenshots/notexistswebapp_endorphin-tgn_ru.png
www.notexistswebapp.endorphin-tgn.ru,185.215.4.10,screenshots/www_notexistswebapp_endorphin-tgn_ru.png
artelegnowoodconcept.it,213.158.93.35,screenshots/artelegnowoodconcept_it.png
www.artelegnowoodconcept.it,213.158.93.35,screenshots/www_artelegnowoodconcept_it.png
int-svc.teleport.prd.fra1.1keyes.net,,None
*.int-svc.teleport.prd.fra1.1keyes.net,,None
jeronitelegram.workers.dev,,None
*.basic-bundle-billowing-morning-e7ff.jeronitelegram.workers.dev,"104.21.16.124, 172.67.212.124",None
www.telegramcdingue.com,52.223.13.41,screenshots/www_telegramcdingue_com.png
www.telegramcdingue.com,52.223.13.41,screenshots/www_telegramcdingue_com.png
telegram-mini-apps.io,185.154.54.8,screenshots/telegram-mini-apps_io.png
www.telegram-mini-apps.io,185.154.54.8,screenshots/www_telegram-mini-apps_io.png
*.telegram-image-36u.pages.dev,"188.114.97.7, 188.114.96.7",None
telegram-image-36u.pages.dev,"188.114.96.7, 188.114.97.7",None
telegramdate.com,185.53.177.20,screenshots/telegramdate_com.png
*.telegram.mensabot.workers.dev,"172.67.190.119, 104.21.19.234",None
*.teleport.webvict.im,"172.67.193.36, 104.21.20.148",None
teleport.webvict.im,"172.67.193.36, 104.21.20.148",screenshots/teleport_webvict_im.png
telegramsdq.cc,47.88.2.60,screenshots/telegramsdq_cc.png
*.pyhon-pisa-popa-chileen-tg-bot.kazerassifor.workers.dev,"104.21.80.1, 104.21.96.1, 104.21.48.1, 104.21.16.1, 104.21.32.1, 104.21.64.1, 104.21.112.1",None
telepath.vip,"104.21.48.1, 104.21.64.1, 104.21.32.1, 104.21.80.1, 104.21.96.1, 104.21.112.1, 104.21.16.1",screenshots/telepath_vip.png
vnovgorod.kolatelegraf.ru,37.140.192.251,screenshots/vnovgorod_kolatelegraf_ru.png
www.vnovgorod.kolatelegraf.ru,37.140.192.251,screenshots/www_vnovgorod_kolatelegraf_ru.png
*.telegxqws.hair,,None
telegxqws.hair,"104.21.64.1, 104.21.112.1, 104.21.32.1, 104.21.16.1, 104.21.48.1, 104.21.96.1, 104.21.80.1",None
telegrum.info,"104.21.17.209, 172.67.178.79",screenshots/telegrum_info.png
*.telegrum.info,,None
webtelep.hu,91.227.138.21,screenshots/webtelep_hu.png
www.webtelep.hu,91.227.138.21,screenshots/www_webtelep_hu.png
*.anibis-telegram.alain-trachsel.workers.dev,"188.114.96.2, 188.114.97.2",None
*.telegramacomunicacion.com,46.30.213.14,None
telegramacomunicacion.com,46.30.213.14,screenshots/telegramacomunicacion_com.png
telegmqws.wiki,"104.21.80.1, 104.21.32.1, 104.21.96.1, 104.21.112.1, 104.21.64.1, 104.21.16.1, 104.21.48.1",screenshots/telegmqws_wiki.png
*.telegmqws.wiki,,None
*.martonell-tg.com,,None
martonell-tg.com,88.218.60.188,screenshots/martonell-tg_com.png
hamaotome.chu-tgc.com,120.136.10.56,screenshots/hamaotome_chu-tgc_com.png
booking-for-dating-telegramsite-xx.pages.dev,"104.21.64.1, 104.21.32.1, 104.21.48.1, 104.21.16.1, 104.21.96.1, 104.21.80.1, 104.21.112.1",None
*.booking-for-dating-telegramsite-xx.pages.dev,"104.21.48.1, 104.21.96.1, 104.21.32.1, 104.21.16.1, 104.21.64.1, 104.21.80.1, 104.21.112.1",None
teleport-auth.eurus.network,"52.194.204.173, 57.182.123.49",None
portainer.teleport.mamaison.ddnsfree.com,86.241.199.110,screenshots/portainer_teleport_mamaison_ddnsfree_com.png
uj.gyulaimuvesztelep.hu,"104.21.64.97, 172.67.180.234",screenshots/uj_gyulaimuvesztelep_hu.png
telegfbtv.club,"104.21.64.1, 104.21.80.1, 104.21.32.1, 104.21.48.1, 104.21.112.1, 104.21.96.1, 104.21.16.1",screenshots/telegfbtv_club.png
telepediatrics.org,"15.197.148.33, 3.33.130.190",screenshots/telepediatrics_org.png
telepediatrics.org,"15.197.148.33, 3.33.130.190",screenshots/telepediatrics_org.png
telegmqws.wiki,"104.21.32.1, 104.21.96.1, 104.21.112.1, 104.21.48.1, 104.21.64.1, 104.21.80.1, 104.21.16.1",screenshots/telegmqws_wiki.png
staging.api.vlnitelepenky.com,185.53.177.50,screenshots/staging_api_vlnitelepenky_com.png
pvlllp32.api.telegram.olchat.io,188.120.237.205,screenshots/pvlllp32_api_telegram_olchat_io.png
www.hk.cabletelephone.com,185.53.178.13,screenshots/www_hk_cabletelephone_com.png
mx84-1-tgpppbvzhmmc.dynamic-m.com,198.27.138.148,None
test.api.vlnitelepenky.com,185.53.177.50,screenshots/test_api_vlnitelepenky_com.png
www.temp.natelephone.com,185.53.177.54,screenshots/www_temp_natelephone_com.png
742olbvx.api.telegram.olchat.io,188.120.237.205,screenshots/742olbvx_api_telegram_olchat_io.png
www.ugwcscanb5f1e347a9933e282dcea5a9e0cc6a83.teleport.dock.chocolatecoded.com.au,54.206.68.30,screenshots/www_ugwcscanb5f1e347a9933e282dcea5a9e0cc6a83_teleport_dock_chocolatecoded_com_au.png
telephone-api.danline.dk,195.178.15.56,screenshots/telephone-api_danline_dk.png
teleglzkj.work,"104.21.71.127, 172.67.145.84",None
www.temp.natelephone.com,185.53.177.54,screenshots/www_temp_natelephone_com.png
telegfbtv.club,"104.21.32.1, 104.21.16.1, 104.21.48.1, 104.21.112.1, 104.21.80.1, 104.21.96.1, 104.21.64.1",screenshots/telegfbtv_club.png
telegpqhz.ink,"188.114.96.7, 188.114.97.7",screenshots/telegpqhz_ink.png
teleglarm.fit,"172.67.153.77, 104.21.80.193",screenshots/teleglarm_fit.png
teleglarm.fit,"104.21.80.193, 172.67.153.77",screenshots/teleglarm_fit.png
telegasqw.baby,"172.67.178.202, 104.21.56.64",None
9b2f911efa200ed9fd7feb5f155250b.teleport.dock.chocolatecoded.com.au,54.206.68.30,screenshots/9b2f911efa200ed9fd7feb5f155250b_teleport_dock_chocolatecoded_com_au.png
teleport-auth.eurus.network,"52.194.204.173, 57.182.123.49",None
teleport-auth.eurus.network,"52.194.204.173, 57.182.123.49",None
telegpqhz.ink,"188.114.96.7, 188.114.97.7",screenshots/telegpqhz_ink.png
teleghwpq.makeup,"104.21.18.205, 172.67.183.87",screenshots/teleghwpq_makeup.png
telegqwaz.monster,"188.114.96.7, 188.114.97.7",screenshots/telegqwaz_monster.png
www.doh1.photelepathy.com,199.59.243.228,screenshots/www_doh1_photelepathy_com.png
telegrambottest.htc-cs.com,"5.227.126.96, 5.227.126.76",None
m.customer.teleplanning.de,185.53.178.10,screenshots/m_customer_teleplanning_de.png
api.customer.teleplanning.de,185.53.178.10,screenshots/api_customer_teleplanning_de.png
test.customer.teleplanning.de,185.53.178.10,screenshots/test_customer_teleplanning_de.png
api.blog.reparationtelephonelyon.fr,185.53.178.51,screenshots/api_blog_reparationtelephonelyon_fr.png
api.blog.reparationtelephonelyon.fr,185.53.178.51,screenshots/api_blog_reparationtelephonelyon_fr.png
staging.customer.teleplanning.de,185.53.178.10,screenshots/staging_customer_teleplanning_de.png
telegxswq.homes,"188.114.96.2, 188.114.97.2",None
teleghwsz.shop,"104.21.49.165, 172.67.164.249",screenshots/teleghwsz_shop.png
admin.blog.reparationtelephonelyon.fr,185.53.178.51,screenshots/admin_blog_reparationtelephonelyon_fr.png
notexistsdev.orion.teleglobe.ca,185.53.178.50,screenshots/notexistsdev_orion_teleglobe_ca.png
test.telegroup.ch,"13.248.148.254, 76.223.26.96",screenshots/test_telegroup_ch.png
kibana.telepecas.com,62.48.196.121,screenshots/kibana_telepecas_com.png
hostmaster.telepay-amendes.com,75.2.18.233,screenshots/hostmaster_telepay-amendes_com.png
telegwqzx.fit,"104.21.29.182, 172.67.149.152",None
teleghwpq.ink,"172.67.130.166, 104.21.3.113",screenshots/teleghwpq_ink.png
www.web.telepathy.pro,185.53.178.53,screenshots/www_web_telepathy_pro.png
teleport.gosyspro.com,45.56.67.171,screenshots/teleport_gosyspro_com.png
hostmaster.telephone.ad,75.2.115.196,screenshots/hostmaster_telephone_ad.png
demo.telegram.cm,185.53.177.54,screenshots/demo_telegram_cm.png
telegramgame.flutschi.ch,80.74.131.91,screenshots/telegramgame_flutschi_ch.png
www.teleportheadset.com,54.237.57.21,screenshots/www_teleportheadset_com.png
telegdtfg.club,"188.114.97.7, 188.114.96.7",screenshots/telegdtfg_club.png
startelegance.com,23.227.38.69,screenshots/startelegance_com.png
hostmaster.telephone.ad,75.2.115.196,screenshots/hostmaster_telephone_ad.png
api.app.telegrem.me,185.53.178.54,screenshots/api_app_telegrem_me.png
admin.app.telegrem.me,185.53.178.54,screenshots/admin_app_telegrem_me.png
admin.app.teleporada.org,"76.223.26.96, 13.248.148.254",screenshots/admin_app_teleporada_org.png
telegbdft.pink,"188.114.97.7, 188.114.96.7",screenshots/telegbdft_pink.png
api.teleportravel.com,78.47.207.167,screenshots/api_teleportravel_com.png
xtelega.ru,94.26.227.226,screenshots/xtelega_ru.png
rev-emea.teleport.sh,"18.197.230.105, 3.67.31.207, 52.59.15.95",screenshots/rev-emea_teleport_sh.png
admin.agent.teleplanning.de,185.53.178.10,screenshots/admin_agent_teleplanning_de.png
m.app.telegrma.com,185.53.177.53,screenshots/m_app_telegrma_com.png
telegrain.com,157.230.161.221,screenshots/telegrain_com.png
telegsaxw.shop,"188.114.97.7, 188.114.96.7",screenshots/telegsaxw_shop.png
mx84-1-tgpppbvzhmmc.dynamic-m.com,198.27.138.148,None
shop.telegeam.com,185.53.178.51,screenshots/shop_telegeam_com.png
telegram.app.testim.kz,95.59.27.246,screenshots/telegram_app_testim_kz.png
shop.telegeam.com,185.53.178.51,screenshots/shop_telegeam_com.png
dev-01-wide-camera-1-view.swine-teleport-poc.mahi-techlabs.com,52.19.242.195,screenshots/dev-01-wide-camera-1-view_swine-teleport-poc_mahi-techlabs_com.png
app-aws.ugwcscanb5f1e347a9935e282dcea5a9e0cc6a83.teleport.dock.chocolatecoded.com.au,54.206.68.30,screenshots/app-aws_ugwcscanb5f1e347a9935e282dcea5a9e0cc6a83_teleport_dock_chocolatecoded_com_au.png
telegxvmp.fan,"104.21.32.1, 104.21.16.1, 104.21.112.1, 104.21.64.1, 104.21.80.1, 104.21.48.1, 104.21.96.1",screenshots/telegxvmp_fan.png
telegshwp.skin,"172.67.149.107, 104.21.29.153",screenshots/telegshwp_skin.png
telegram.monitor.sysmo.com.br,"216.239.32.21, 216.239.38.21, 216.239.36.21, 216.239.34.21",screenshots/telegram_monitor_sysmo_com_br.png
www.www.ugwcscan28c4472ccac3f0fda7e63583641c1f32.bjpmcmztmoteleport.dock.chocolatecoded.com.au,54.206.68.30,screenshots/www_www_ugwcscan28c4472ccac3f0fda7e63583641c1f32_bjpmcmztmoteleport_dock_chocolatecoded_com_au.png
coinstelegraph.com,91.200.14.245,screenshots/coinstelegraph_com.png
telegxzps.ltd,"104.21.39.80, 172.67.170.19",screenshots/telegxzps_ltd.png
telegasqw.baby,"172.67.178.202, 104.21.56.64",None
trial.vatelephone.com,199.244.104.22,screenshots/trial_vatelephone_com.png
consultation-voyance-telephone.com,"172.67.184.34, 104.21.51.186",screenshots/consultation-voyance-telephone_com.png
consultation-voyance-telephone.com,"172.67.184.34, 104.21.51.186",screenshots/consultation-voyance-telephone_com.png
www.www.ugwcscan28c4472ccac3f0fda7e63583641c1f32.bjpmcmztmoteleport.dock.chocolatecoded.com.au,54.206.68.30,screenshots/www_www_ugwcscan28c4472ccac3f0fda7e63583641c1f32_bjpmcmztmoteleport_dock_chocolatecoded_com_au.png
ww38.jonasjacobsson.telegtam.me,"76.223.26.96, 13.248.148.254",screenshots/ww38_jonasjacobsson_telegtam_me.png
midlandtire.vatelephone.com,199.244.104.22,screenshots/midlandtire_vatelephone_com.png
www.www.internal.ugwcscanb5f1e347a9935e282dcea5a9e0cc6a83.teleport.dock.chocolatecoded.com.au,54.206.68.30,screenshots/www_www_internal_ugwcscanb5f1e347a9935e282dcea5a9e0cc6a83_teleport_dock_chocolatecoded_com_au.png
www.intelepeercloud.com,15.197.172.60,screenshots/www_intelepeercloud_com.png
teleperformance9622.zendesk.com,"216.198.54.6, 216.198.53.6",screenshots/teleperformance9622_zendesk_com.png
consultation-voyance-telephone.com,"104.21.51.186, 172.67.184.34",screenshots/consultation-voyance-telephone_com.png
bti.vatelephone.com,199.244.104.22,screenshots/bti_vatelephone_com.png
tarrislaw.vatelephone.com,199.244.104.22,screenshots/tarrislaw_vatelephone_com.png
pinkcadillac.vatelephone.com,199.244.104.22,screenshots/pinkcadillac_vatelephone_com.png
telegsxza.yachts,"172.67.157.245, 104.21.58.77",None
washomatic.vatelephone.com,199.244.104.22,None
payette.vatelephone.com,199.244.104.22,screenshots/payette_vatelephone_com.png
rockbridgemedical.vatelephone.com,199.244.104.22,screenshots/rockbridgemedical_vatelephone_com.png
pcoffey.vatelephone.com,199.244.104.22,screenshots/pcoffey_vatelephone_com.png
si.vatelephone.com,199.244.104.22,screenshots/si_vatelephone_com.png
paymajor.teleport.authcommon.com,10.35.3.14,None
www.ugwcscanb5f1e347a9933e282dcea5a9e0cc6a83.teleport.dock.chocolatecoded.com.au,54.206.68.30,screenshots/www_ugwcscanb5f1e347a9933e282dcea5a9e0cc6a83_teleport_dock_chocolatecoded_com_au.png
kordontelepites.hu,51.195.44.174,screenshots/kordontelepites_hu.png
telegdfcr.black,"188.114.96.7, 188.114.97.7",screenshots/telegdfcr_black.png
telegxasw.beauty,"104.21.80.1, 104.21.64.1, 104.21.16.1, 104.21.96.1, 104.21.32.1, 104.21.48.1, 104.21.112.1",None
xvideostelegram.blog,"188.114.97.7, 188.114.96.7",screenshots/xvideostelegram_blog.png
www.pop3.mietertelegramm.de,185.53.177.53,screenshots/www_pop3_mietertelegramm_de.png
jenkins.a.www.www.www.teleport.dock.chocolatecoded.com.au,54.206.68.30,screenshots/jenkins_a_www_www_www_teleport_dock_chocolatecoded_com_au.png
f1hasmjy.1-telegram.org,"172.233.219.78, 172.233.219.123, 172.233.219.49",screenshots/f1hasmjy_1-telegram_org.png
m.app.telegroup.ch,"76.223.26.96, 13.248.148.254",screenshots/m_app_telegroup_ch.png
admin.app.teleporada.org,"76.223.26.96, 13.248.148.254",screenshots/admin_app_teleporada_org.png
dev.app.telegroup.ch,"13.248.148.254, 76.223.26.96",screenshots/dev_app_telegroup_ch.png
staging.b60fc075-963a-4d87-bdd4-f64eff6f02c1.relitelegal.in,75.2.115.196,screenshots/staging_b60fc075-963a-4d87-bdd4-f64eff6f02c1_relitelegal_in.png
dev.b60fc075-963a-4d87-bdd4-f64eff6f02c1.relitelegal.in,75.2.115.196,screenshots/dev_b60fc075-963a-4d87-bdd4-f64eff6f02c1_relitelegal_in.png
test.b60fc075-963a-4d87-bdd4-f64eff6f02c1.relitelegal.in,75.2.115.196,screenshots/test_b60fc075-963a-4d87-bdd4-f64eff6f02c1_relitelegal_in.png
dev.b60fc075-963a-4d87-bdd4-f64eff6f02c1.relitelegal.in,75.2.115.196,screenshots/dev_b60fc075-963a-4d87-bdd4-f64eff6f02c1_relitelegal_in.png
m.backend.teleglobe.ca,185.53.178.50,screenshots/m_backend_teleglobe_ca.png
test.backend.teleglobe.ca,185.53.178.50,screenshots/test_backend_teleglobe_ca.png
teleport-admin.dqrts.staging.novobi.com,48.217.201.59,screenshots/teleport-admin_dqrts_staging_novobi_com.png
test.backend.teleglobe.ca,185.53.178.50,screenshots/test_backend_teleglobe_ca.png
www.telegram.gold,"13.248.169.48, 76.223.54.146",screenshots/www_telegram_gold.png
telegqaws.social,"104.21.16.1, 104.21.80.1, 104.21.112.1, 104.21.48.1, 104.21.32.1, 104.21.96.1, 104.21.64.1",screenshots/telegqaws_social.png
www.telegram.gold,"76.223.54.146, 13.248.169.48",screenshots/www_telegram_gold.png
staging.app.antiquetelephones.com,185.53.178.52,screenshots/staging_app_antiquetelephones_com.png
telegazqw.shopping,"104.21.84.74, 172.67.188.164",None
ugwcscan6abae51a1933fdd0e607017259542e27.a.teleport.dock.chocolatecoded.com.au,54.206.68.30,screenshots/ugwcscan6abae51a1933fdd0e607017259542e27_a_teleport_dock_chocolatecoded_com_au.png
api.teleportravel.com,78.47.207.167,screenshots/api_teleportravel_com.png
crm.teleperformance.com.eg,20.105.43.251,screenshots/crm_teleperformance_com_eg.png
www.crm.teleperformance.com.eg,,None
crm.teleperformance.com.eg,20.105.43.251,screenshots/crm_teleperformance_com_eg.png
www.crm.teleperformance.com.eg,,None
telegazqw.blue,"172.67.155.139, 104.21.56.189",None
www.cpcalendars.xn--teleprsenz-v5a.de,185.53.178.53,screenshots/www_cpcalendars_xn--teleprsenz-v5a_de.png
interrock-tg.com,183.90.183.81,screenshots/interrock-tg_com.png
ostrava.teleport.scylla.ai,34.240.135.101,screenshots/ostrava_teleport_scylla_ai.png
telegram-bot.pluton.ltd,173.231.243.117,screenshots/telegram-bot_pluton_ltd.png
www.telegram-bot.pluton.ltd,173.231.243.117,screenshots/www_telegram-bot_pluton_ltd.png
interrock-tg.com,183.90.183.81,screenshots/interrock-tg_com.png
telegwzqs.makeup,"188.114.96.7, 188.114.97.7",screenshots/telegwzqs_makeup.png
dev-01-camera-3-view.swine-teleport-poc.mahi-techlabs.com,52.19.242.195,screenshots/dev-01-camera-3-view_swine-teleport-poc_mahi-techlabs_com.png
crm.teleperformance.com.eg,20.105.43.251,screenshots/crm_teleperformance_com_eg.png
www.crm.teleperformance.com.eg,,None
wx-tgsy.com,"104.21.80.91, 172.67.176.163",screenshots/wx-tgsy_com.png
crm.teleperformance.com.eg,20.105.43.251,screenshots/crm_teleperformance_com_eg.png
www.crm.teleperformance.com.eg,,None
crm.teleperformance.com.eg,20.105.43.251,screenshots/crm_teleperformance_com_eg.png
www.crm.teleperformance.com.eg,,None
telegram.bestsnel.com,35.195.94.178,screenshots/telegram_bestsnel_com.png
6464a1f7-061c-4f23-868f-cf7ae002adad.telegrom.org,185.53.177.51,screenshots/6464a1f7-061c-4f23-868f-cf7ae002adad_telegrom_org.png
ai-telegram-bot.ru,45.80.151.173,screenshots/ai-telegram-bot_ru.png
m.cms.telepointservice.com,15.197.130.221,screenshots/m_cms_telepointservice_com.png
ai-telegram-bot.ru,45.80.151.173,screenshots/ai-telegram-bot_ru.png
telegqwaz.autos,"104.21.32.1, 104.21.64.1, 104.21.96.1, 104.21.16.1, 104.21.112.1, 104.21.80.1, 104.21.48.1",screenshots/telegqwaz_autos.png
telegfvcg.baby,"104.21.51.231, 172.67.190.161",screenshots/telegfvcg_baby.png
notexistsdev.orion.teleglobe.ca,185.53.178.50,screenshots/notexistsdev_orion_teleglobe_ca.png
teleport.local.jalubru.com,,None
ugwcscan29b2f911efa200ed9fd7feb5f155250b.teleport.dock.chocolatecoded.com.au,54.206.68.30,screenshots/ugwcscan29b2f911efa200ed9fd7feb5f155250b_teleport_dock_chocolatecoded_com_au.png
ww25.xwwh.yd10-telegram.org,199.59.243.228,screenshots/ww25_xwwh_yd10-telegram_org.png
pbx.vatelephone.com,199.244.104.22,screenshots/pbx_vatelephone_com.png
ww25.xwwh.yd10-telegram.org,199.59.243.228,screenshots/ww25_xwwh_yd10-telegram_org.png
telegfvcg.pink,"104.21.112.1, 104.21.16.1, 104.21.48.1, 104.21.80.1, 104.21.64.1, 104.21.96.1, 104.21.32.1",None
aigindc2.chu-tgc.com,120.136.10.56,screenshots/aigindc2_chu-tgc_com.png
trade.arztelegraph.com,199.59.243.228,screenshots/trade_arztelegraph_com.png
rahc.vatelephone.com,199.244.104.22,None
ostrava.teleport.scylla.ai,34.240.135.101,screenshots/ostrava_teleport_scylla_ai.png
