target,url
Raiffeisen,https://admin-info-ch.click/ch/raiffeisen
Generic Email,https://dadbackcalls.vercel.app/
SwissPass,https://trentonssd.com/public/pass/
SwissPass,https://ungelesene.netsons.org/
Quire,https://shining-plain-viscount.glitch.me/#
DPD,http://www.laindustria.pe/dpdch003.html
SwissPass,https://heng.crdiinjectornozzle.com/wp-content/plugins/backup-backup/includes/
DPD,https://dpd-app.help/t#%2F
LHV,https://ic.guni.ac.in/AVdu6XLeQ/hysbvwy1j9v72xlh/login.php?
Adliran,http://gggaaa.shop/a/
#Malware,https://api.metaskins.gg/storage/n8wMGsVSAShfr64eYabJF77TU7WBXE9IuWIahWoR.exe
other,https://api.melonity.gg/storage/zexNN81PkGFLTITkFx70P8tcDSqJorPvPXK90iwO.exe
SwissPass,https://77-90-153-2.cprapid.com/ch/f/signin.php
Generic Email,https://webmail-verification-5np7.vercel.app/#nadine%40plueer.ch
Microsoft,https://w7l3d.cclaccmg.es/no9DGJ!tq84Oi0HKQ8/*beat.staub@dreyfusbank.ch
DocuSign,https://app-sign-clientarea.glitch.me/profile.html
DHL,https://oli.vi/PyJQ9D5
Generic Email,https://tun-linn15r-elwebmail-ibc2nr12b-webmail-domain-check.vercel.app/?NL2J7V8KQ=2N6HXPJ8KVYnJ5YW4uamVuQGZhbWV0ZWNoLmNvbS50dw2N6HXPJ8KV&mode=retrieval2N6HXPJ8KV
Generic Email,https://radiomaisweb.net.br/chat/class/accessed/index.php?email=yahoo@yahoo.com
Facebook,https://oauthcaptcha-meta.com
Telegram,https://cky-tg.top/dist/
Telegram,https://telepf.org/
Shaparak,https://mnkj.org/c/itsOK/payment/
Shaparak,https://foalnlop.shop/FilmS/payment/
Telegram,https://teleps.org/
Microsoft,https://device.thingstoseeonlineasda.com/
Bet365,http://m.22115bb.com/
Microsoft,https://login.lcmu.it.com/MlyoYUfg?kss=yqzrERD5O8PMAsHc6CcaefktUoRXegdtDd6fNTlYp1-acBRuCUmHzQNqnR2xghcB0kKF8oKW536yaPfZLsjT9b9k6fFr-j8tDUGz9Dm59662iCOZ0Xqcnjg
Telegram,https://wec-telegram.org/
Telegram,https://kcg-telegram.org/
Telegram,https://api.telegram.com.tw/
Shaparak,https://aisuius.markets/d/W568H/pay/
Microsoft,https://ipfs.io/ipfs/bafybeiaggevn3vxrb222rr3sieyy2gjlw4i6teo26o66vi52vtvdidqnqa/indexxxx.html
#ATTACK,http://inveiculos.com.br/zh.html
#ATTACK,http://harshintegrated.com/index.html
#ATTACK,http://mylivingspacecreation.com
#ATTACK,http://masaradahospital.com
#ATTACK,http://archisoularchitect.in
#ATTACK,http://narendradriveragent.in/index.html
Telegram,https://torkervds.top/
#ATTACK,http://sunrise-care.org
#ATTACK,http://gobblexcollege.co.uk/index.html
SwissPass,https://alpha.visual-science.xyz/jancox/
SwissPass,https://multistore-hurt.dawczak.pro/modules/simpleimportproduct/override/
Other,https://piayn0tebtvloce917773883.weebly.com/
AT&T,https://volc8eu.weebly.com/
Other,https://dbcsdhcbhsd.weebly.com/
Bet365,https://xn--qkr8l62rot9c.com/
Shaparak,https://pay.bpm.afaghhost.com/pgwchannel
Microsoft,https://proposalleftz.s3.us-east-005.backblazeb2.com/hot+ebb.html
Telegram,https://live.iflix.com.mstkkee3.dpdns.org/
Telegram,https://nettelegram.com/
ETH Zurich,https://puethch.weebly.com/
ETH Zurich,https://intethch.weebly.com/
PostFinance,https://postfinancech.heka-karya.com/
BT,https://broadband-949-btconnect-9494.webflow.io/
Microsoft,https://btsigninbill.weebly.com/
Other,https://gajjkhc.weebly.com/
Telegram,http://botmit.top/
Telegram,https://zelo-store.com/F-2/XZ?nox=7236312335
IR-GOV,http://resdt.store
Rubika,https://moonmember.ir/IRANPANEL/
CSS,https://id-css-ch.jdevcloud.com/tmp/myCSS/login.html
SwissPost,https://w3tnx.xin/nD3G5J/#/
SCDMV,http://goi-voap.icu
TxDMV,http://gov-fjwqa.vip
WV DMV,http://gov-gdf.icu
WV DMV,http://gov-rww.icu
WV DMV,http://gov-gfg.icu
TxDMV,http://gov-gmwqa.vip
TxDMV,http://gov-gwkkq.vip
TxDMV,http://gov-hfwqa.vip
TxDMV,http://gov-nooaq.icu
TxDMV,http://gov-nooij.icu
TxDMV,http://gov-nooio.icu
TxDMV,http://gov-nooiq.icu
TxDMV,http://gov-noojo.icu
TxDMV,http://gov-nooka.icu
TxDMV,http://gov-nooko.icu
TxDMV,http://gov-noola.icu
TxDMV,http://gov-noolb.icu
TxDMV,http://gov-noole.icu
TxDMV,http://gov-noolk.icu
TxDMV,http://gov-nooli.icu
TxDMV,http://gov-nooln.icu
TxDMV,http://gov-noolo.icu
TxDMV,http://gov-noolc.icu
TxDMV,http://gov-noolr.icu
TxDMV,http://gov-nools.icu
TxDMV,http://gov-noolm.icu
TxDMV,http://gov-noolt.icu
TxDMV,http://gov-noolu.icu
TxDMV,http://gov-noolv.icu
TxDMV,http://gov-nooma.icu
TxDMV,http://gov-noomi.icu
TxDMV,http://gov-noolx.icu
TxDMV,http://gov-noomo.icu
TxDMV,http://gov-noona.icu
TxDMV,http://gov-noono.icu
TxDMV,http://gov-noonq.icu
TxDMV,http://gov-noonz.icu
TxDMV,http://gov-nooql.icu
TxDMV,http://gov-nooxa.icu
TxDMV,http://gov-nooxq.icu
TxDMV,http://gov-nooyt.icu
TxDMV,http://gov-nooza.icu
NDOT,http://dot-nv-gov.bid
NDOT,http://dot-nv-gov.life
NDOT,http://dot-nv-gov.men
NDOT,http://dot-nv-gov.run
NDOT,http://dot-nv-gov.top
PTT,http://ppt-gov.top
Ohio DPS,http://gov-tollbillrsg.bid
Ohio DPS,http://gov-tollbillrsf.bid
Ohio DPS,http://gov-tollbillrsh.bid
Ohio DPS,http://gov-tollbillrsi.bid
Maryland MVA,http://gov-tollbillrse.bid
Ohio DPS,http://gov-tollbillrsb.bid
Ohio DPS,http://gov-tollbillrsj.bid
Ohio DPS,http://gov-tollbillrsk.bid
Ohio DPS,http://gov-tollbillrsl.bid
Ohio DPS,http://gov-tollbillrsm.bid
Ohio DPS,http://gov-tollbillrsn.bid
Ohio DPS,http://gov-tollbillrsp.bid
Ohio DPS,http://gov-tollbillrsq.bid
Ohio DPS,http://gov-tollbillrsr.bid
Ohio DPS,http://gov-tollbillrss.bid
Ohio DPS,http://gov-tollbillrsu.bid
Ohio DPS,http://gov-tollbillrsx.bid
Ohio DPS,http://gov-tollbillrst.bid
Ohio DPS,http://gov-tollbillrsy.bid
Ohio DPS,http://gov-tollbillrsw.bid
Ohio DPS,http://gov-tollbillrsz.bid
Ohio DPS,http://gov-tollbillrxc.bid
Ohio DPS,http://gov-tollbillrxe.bid
Ohio DPS,http://gov-tollbillrxb.bid
Ohio DPS,http://gov-tollbillrxq.bid
Ohio DPS,http://gov-tollbillrxn.bid
Ohio DPS,http://gov-tollbillrxr.bid
Ohio DPS,http://gov-tollbillrxw.bid
Ohio DPS,http://gov-tollbillrxt.bid
Ohio DPS,http://gov-tollbillta.cyou
Ohio DPS,http://gov-tollbilltc.cyou
Ohio DPS,http://gov-tollbillrxv.bid
Ohio DPS,http://gov-tollbillrxz.bid
Ohio DPS,http://gov-tollbillte.cyou
Ohio DPS,http://gov-tollbilltg.cyou
Ohio DPS,http://gov-tollbillti.cyou
Ohio DPS,http://gov-tollbilltk.cyou
Ohio DPS,http://gov-tollbilltl.cyou
Ohio DPS,http://gov-tollbillto.cyou
Ohio DPS,http://gov-tollbilltr.cyou
Ohio DPS,http://gov-tollbilltu.cyou
Ohio DPS,http://gov-tollbilltx.cyou
Ohio DPS,http://gov-tollbilltz.cyou
Ohio DPS,http://gov-tollei.cyou
Ohio DPS,http://gov-tollia.cyou
Ohio DPS,http://gov-tollie.cyou
Ohio DPS,http://gov-tollir.cyou
Ohio DPS,http://gov-tollix.cyou
Ohio DPS,http://gov-tollki.cyou
Ohio DPS,http://gov-tollrk.cyou
Ohio DPS,http://gov-tollrx.cyou
Ohio DPS,http://gov-tollrz.cyou
Ohio DPS,http://gov-tollte.cyou
Ohio DPS,http://gov-tollti.cyou
Ohio DPS,http://gov-tolltr.cyou
Ohio DPS,http://gov-tolltx.cyou
Ohio DPS,http://gov-tollyk.cyou
Ohio DPS,http://gov-ckte.life
Ohio DPS,http://gov-dvsk.life
Ohio DPS,http://gov-kjd.date
Ohio DPS,http://gov-kje.date
Ohio DPS,http://gov-kjq.date
Ohio DPS,http://gov-kjr.date
Ohio DPS,http://gov-kjt.date
Ohio DPS,http://gov-pon.date
Ohio DPS,http://gov-kjw.date
Ohio DPS,http://gov-pob.date
Ohio DPS,http://gov-poe.date
Ohio DPS,http://gov-por.date
Ohio DPS,http://gov-poc.date
Ohio DPS,http://gov-pot.date
Ohio DPS,http://gov-pou.date
Ohio DPS,http://gov-pov.date
Ohio DPS,http://gov-pow.date
Ohio DPS,http://gov-poz.date
Ohio DPS,http://gov-pvyc.life
Ohio DPS,http://gov-ssfy.life
Ohio DPS,http://gov-umnr.life
Ohio DPS,http://gov-yunbb.icu
Ohio DPS,http://gov-yuncc.icu
Ohio DPS,http://gov-yunaa.icu
Ohio DPS,http://gov-yundd.icu
Ohio DPS,http://gov-yunee.icu
Ohio DPS,http://gov-yunnn.icu
Ohio DPS,http://gov-yunss.icu
Ohio DPS,http://gov-yunvv.icu
Ohio DPS,http://gov-yunxx.icu
Oregon DMV,http://gov-jahn.life
Oregon DMV,http://gov-jckc.life
Oregon DMV,http://gov-jgdv.life
Oregon DMV,http://gov-jtjp.life
Oregon DMV,http://gov-ntje.life
Oregon DMV,http://gov-nvny.life
Ohio DPS,http://gov-yunzz.icu
Oregon DMV,http://gov-odose.icu
Oregon DMV,http://gov-odosi.icu
Oregon DMV,http://gov-odosp.icu
Oregon DMV,http://gov-odoso.icu
Oregon DMV,http://gov-odosq.icu
Oregon DMV,http://gov-odosr.icu
Oregon DMV,http://gov-odost.icu
Oregon DMV,http://gov-odosu.icu
Oregon DMV,http://gov-odosw.icu
Oregon DMV,http://gov-odosy.icu
Oregon DMV,http://gov-qejf.life
Oregon DMV,http://gov-vgym.life
Oregon DMV,http://gov-zxqj.life
Oregon DMV,http://mfijn.vip
Oregon DMV,http://mfmiz.vip
Oregon DMV,http://mfngu.vip
Oregon DMV,http://gov-ytjv.life
Oregon DMV,http://mfbha.vip
Oregon DMV,http://mfbhp.vip
Oregon DMV,http://mfnjs.vip
Oregon DMV,http://mfpml.vip
Oregon DMV,http://mfqbg.vip
Oregon DMV,http://mfqlk.vip
Oregon DMV,http://mfqwv.vip
Oregon DMV,http://mfugm.vip
Oregon DMV,http://mfvgd.vip
Oregon DMV,http://mfwck.vip
Oregon DMV,http://mfyhm.vip
Oregon DMV,http://mhbbg.vip
Oregon DMV,http://mhmop.vip
Oregon DMV,http://mhnvj.vip
Oregon DMV,http://mhnyu.vip
Oregon DMV,http://mhpbk.vip
Oregon DMV,http://mhqgu.vip
Oregon DMV,http://mhqgy.vip
Oregon DMV,http://mhqpl.vip
Oregon DMV,http://mhqzm.vip
Oregon DMV,http://mhqzv.vip
Oregon DMV,http://mhvzo.vip
Oregon DMV,http://mhuio.vip
Oregon DMV,http://mhwpu.vip
Oregon DMV,http://mhysi.vip
Commonwealth of Pennsylvania,http://gov-sujn.life
Commonwealth of Pennsylvania,http://gov-tuzd.life
Commonwealth of Pennsylvania,http://gov-wkum.life
Commonwealth of Pennsylvania,http://gov-xsek.life
SCDMV,http://com-ahzi.top
SCDMV,http://gov-brkg.life
SCDMV,http://com-scrt.top
SCDMV,http://gov-ablefd.wang
SCDMV,http://gov-ablefv.wang
SCDMV,http://gov-ablege.wang
SCDMV,http://gov-ablelt.wang
SCDMV,http://gov-ablemg.wang
SCDMV,http://gov-ablepo.wang
SCDMV,http://gov-ableua.wang
SCDMV,http://gov-ablevo.wang
SCDMV,http://gov-cahs.life
SCDMV,http://gov-cdui.life
SCDMV,http://gov-cqny.life
SCDMV,http://gov-dvmt.life
SCDMV,http://gov-fksw.life
SCDMV,http://gov-feekh.wang
SCDMV,http://gov-feeku.wang
SCDMV,http://gov-feeki.wang
SCDMV,http://gov-gfdo.life
SCDMV,http://gov-feekv.wang
SCDMV,http://gov-feekx.wang
SCDMV,http://gov-hxgq.life
SCDMV,http://gov-ikdq.life
SCDMV,http://gov-ksyx.life
SCDMV,http://gov-mewa.life
SCDMV,http://gov-rctz.life
SCDMV,http://gov-rcuv.life
SCDMV,http://gov-toll.guru
SCDMV,http://gov-tolla.guru
SCDMV,http://gov-tollbillkkid.cyou
SCDMV,http://gov-tollbillkkif.cyou
SCDMV,http://gov-tollbillkkig.cyou
SCDMV,http://gov-tollbillkkii.cyou
SCDMV,http://gov-tollbillkkil.cyou
SCDMV,http://gov-tollbillkkio.cyou
SCDMV,http://gov-tollbillkkip.cyou
SCDMV,http://gov-tollbillkkis.cyou
SCDMV,http://gov-tollbillkkiz.cyou
SCDMV,http://gov-tollx.guru
SCDMV,http://gov-ucpv.life
SCDMV,http://gov-ukmm.life
SCDMV,http://gov-tolle.guru
SCDMV,http://gov-tollk.guru
SCDMV,http://gov-upgk.life
SCDMV,http://gov-uzdd.life
SCDMV,http://gov-weod.life
SCDMV,http://gov-yrie.life
SCDMV,http://goi-adfw.icu
SCDMV,http://goi-bfmc.icu
SCDMV,http://goi-dtax.icu
SCDMV,http://goi-dndy.icu
SCDMV,http://goi-eimv.icu
SCDMV,http://goi-epnl.icu
SCDMV,http://goi-fqrg.icu
SCDMV,http://goi-fuex.icu
SCDMV,http://goi-hjdd.icu
SCDMV,http://goi-gjwf.icu
SCDMV,http://goi-kfir.icu
SCDMV,http://goi-lhst.icu
SCDMV,http://goi-pchv.icu
SCDMV,http://goi-ilwf.icu
SCDMV,http://goi-sfvg.icu
SCDMV,http://goi-sgpi.icu
SCDMV,http://goi-sjqd.icu
SCDMV,http://goi-tmim.icu
SCDMV,http://goi-uljm.icu
SCDMV,http://goi-ttma.icu
SCDMV,http://goi-wpdi.icu
SCDMV,http://goi-xoll.icu
California DMV,http://gov-payvfk.icu
California DMV,http://gov-payvnw.icu
California DMV,http://gov-paywdo.icu
California DMV,http://gov-paywhi.icu
California DMV,http://gov-paywin.icu
California DMV,http://gov-paywmj.icu
California DMV,http://gov-paywml.icu
California DMV,http://gov-paywnh.icu
California DMV,http://gov-paywpa.icu
California DMV,http://gov-paywuq.icu
California DMV,http://gov-paywxy.icu
California DMV,http://gov-payxdm.icu
California DMV,http://gov-payxja.icu
California DMV,http://gov-payxna.icu
California DMV,http://gov-payxqi.icu
California DMV,http://gov-payxsa.icu
California DMV,http://gov-payxsk.icu
California DMV,http://gov-payxtk.icu
California DMV,http://gov-payypo.icu
California DMV,http://gov-payyri.icu
California DMV,http://gov-payyue.icu
California DMV,http://gov-payzht.icu
California DMV,http://gov-payzil.icu
California DMV,http://gov-payzlo.icu
California DMV,http://gov-payzmx.icu
California DMV,http://gov-payzrv.icu
California DMV,http://gov-payzta.icu
California DMV,http://gov-payzte.icu
California DMV,http://gov-payzup.icu
California DMV,http://gov-payzwy.icu
California DMV,http://gov-payzxh.icu
California DMV,http://gov-pirv.cfd
California DMV,http://gov-pmxs.icu
California DMV,http://gov-prxa.icu
California DMV,http://gov-pzss.cfd
California DMV,http://gov-pjlb.top
California DMV,http://gov-qcgb.icu
California DMV,http://gov-qjek.cfd
California DMV,http://gov-qsdwd.icu
California DMV,http://gov-qtdk.cfd
California DMV,http://gov-pjla.top
FLHSMV,http://gov-qql.wang
California DMV,http://gov-qxcv.icu
California DMV,http://gov-ravb.cfd
California DMV,http://gov-rbds.icu
California DMV,http://gov-rnbx.icu
California DMV,http://gov-rqcv.icu
California DMV,http://gov-rvkk.cfd
California DMV,http://gov-sbal.cfd
California DMV,http://gov-sdbc.icu
California DMV,http://gov-sded.icu
FLHSMV,http://gov-sebc.icu
California DMV,http://gov-smvc.cfd
California DMV,http://gov-stdo.cfd
California DMV,http://gov-tcxd.cfd
California DMV,http://gov-taat.cfd
California DMV,http://gov-tdbk.cfd
California DMV,http://gov-tjky.cfd
California DMV,http://gov-tmpx.cfd
California DMV,http://gov-tmvd.icu
California DMV,http://gov-tndd.icu
California DMV,http://gov-trgfvg.icu
California DMV,http://gov-uqwx.cfd
California DMV,http://gov-trif.cfd
California DMV,http://gov-ujek.cfd
California DMV,http://gov-txhx.cfd
California DMV,http://gov-umbx.icu
FLHSMV,http://gov-use.wang
California DMV,http://gov-vdse.icu
California DMV,http://gov-vfio.top
California DMV,http://gov-vndf.cfd
California DMV,http://gov-vnms.icu
California DMV,http://gov-vusc.cfd
California DMV,http://gov-voix.cfd
California DMV,http://gov-wcbs.icu
California DMV,http://gov-wfes.icu
FLHSMV,http://gov-wqq.wang
California DMV,http://gov-whpd.cfd
California DMV,http://gov-xmhy.icu
California DMV,http://gov-wshh.cfd
California DMV,http://gov-xowb.cfd
FLHSMV,http://gov-xwr.wang
California DMV,http://gov-yenw.cfd
California DMV,http://gov-yfws.icu
California DMV,http://gov-ymvd.icu
FLHSMV,http://gov-yxh.wang
California DMV,http://gov-yxlc.cfd
California DMV,http://gov-zfpk.cfd
California DMV,http://gov-zgre.vip
California DMV,http://gov-zhab.cfd
California DMV,http://gov-zmra.cfd
FLHSMV,http://gov-yco.wang
California DMV,http://gov-znfs.icu
California DMV,http://gov-zmvf.icu
UK-GOV,http://engdwpia.icu
UK-GOV,http://engdwpid.icu
UK-GOV,http://engdwpie.icu
UK-GOV,http://engdwpif.icu
UK-GOV,http://engdwpig.icu
UK-GOV,http://engdwpih.icu
UK-GOV,http://engdwpii.icu
UK-GOV,http://engdwpij.icu
UK-GOV,http://engdwpip.icu
UK-GOV,http://engdwpiq.icu
UK-GOV,http://engdwpil.icu
UK-GOV,http://engdwpik.icu
UK-GOV,http://engdwpio.icu
UK-GOV,http://engdwpir.icu
UK-GOV,http://engdwpis.icu
UK-GOV,http://engdwpit.icu
UK-GOV,http://engdwpiu.icu
UK-GOV,http://engdwpiw.icu
UK-GOV,http://engdwpix.icu
UK-GOV,http://engdwpiy.icu
UK-GOV,http://engdwpiz.icu
UK-GOV,http://engdwpub.icu
UK-GOV,http://engdwpuc.icu
UK-GOV,http://engdwpuk.icu
UK-GOV,http://engdwpul.icu
UK-GOV,http://engdwpum.icu
UK-GOV,http://engdwpun.icu
UK-GOV,http://engdwpuv.icu
UK-GOV,http://engdwpux.icu
UK-GOV,http://engdwpuz.icu
Maryland MVA,http://gov-tollbillccae.men
Post India,http://golin.life
Maryland MVA,http://gov-tollbillccai.men
Maryland MVA,http://gov-tollbillccao.men
Maryland MVA,http://gov-tollbillccap.men
Maryland MVA,http://gov-tollbillccaq.men
Maryland MVA,http://gov-tollbillccar.men
Maryland MVA,http://gov-tollbillccart.men
Maryland MVA,http://gov-tollbillccary.men
Maryland MVA,http://gov-tollbillccau.men
Maryland MVA,http://gov-tollbillccaw.men
Maryland MVA,http://gov-tollbillccd.party
Maryland MVA,http://gov-tollbillcce.party
Maryland MVA,http://gov-tollbillccf.party
Maryland MVA,http://gov-tollbillccg.party
Maryland MVA,http://gov-tollbillcci.party
Maryland MVA,http://gov-tollbillccj.party
Maryland MVA,http://gov-tollbillccm.party
Maryland MVA,http://gov-tollbillccn.party
Maryland MVA,http://gov-tollbillccq.party
Maryland MVA,http://gov-tollbillccw.party
NY DMV,http://dmvgovgtt.vip
NY DMV,http://dmvgoveai.vip
NY DMV,http://dmvgoviwz.vip
NY DMV,http://dmvgovxhr.vip
NY DMV,http://gov-cbt-pay.top
NY DMV,http://dmvgovysa.vip
NY DMV,http://gov-pay-tyz.top
NY DMV,http://gov-pay-cjs.top
NY DMV,http://gov-pay-uis.top
NY DMV,http://gov-sctr-pay.top
NY DMV,http://gov-sie-pay.top
NY DMV,http://gov-sju-pay.top
NY DMV,http://gov-tlfz-pay.top
NY DMV,http://gov-tuc-pay.top
NY DMV,http://gov-tnc-pay.top
NY DMV,http://gov-web-pay.top
NY DMV,http://gov-ztw-pay.top
Ohio DPS,http://com-tollbillnab.men
Ohio DPS,http://com-tollbillnae.party
Ohio DPS,http://com-tollbillnan.party
Ohio DPS,http://com-tollbillnao.party
Ohio DPS,http://com-tollbillnap.party
Ohio DPS,http://com-tollbillnaq.party
Ohio DPS,http://com-tollbillnar.party
Ohio DPS,http://com-tollbillnat.party
Ohio DPS,http://com-tollbillnau.party
Ohio DPS,http://com-tollbillnav.men
Ohio DPS,http://com-tollbillnaw.party
Ohio DPS,http://com-tollbillnay.party
Ohio DPS,http://com-tollbillnaz.men
Ohio DPS,http://gov-aimla.wang
Ohio DPS,http://gov-aimlh.wang
Ohio DPS,http://gov-aimlk.wang
